,state,party,total_votes
0,Andaman & Nicobar Islands,AAAP,2839
1,Andaman & Nicobar Islands,AINHCP,212
2,Andaman & Nicobar Islands,AITC,1721
3,Andaman & Nicobar Islands,BJP,93901
4,Andaman & Nicobar Islands,BSP,2486
5,Andaman & Nicobar Islands,INC,95308
6,Andaman & Nicobar Islands,IND,9417
7,Andaman & Nicobar Islands,NOTA,1412
8,Andhra Pradesh,ACP,1263
9,Andhra Pradesh,AIFB,1687
10,Andhra Pradesh,AINPP,2023
11,Andhra Pradesh,ANC,1510
12,Andhra Pradesh,APoI,1757
13,Andhra Pradesh,ARPS,1563
14,Andhra Pradesh,AYSRCP,5511
15,Andhra Pradesh,AlPP,370
16,Andhra Pradesh,BAHUMP,1017
17,Andhra Pradesh,BCUF,649
18,Andhra Pradesh,BJP,303985
19,Andhra Pradesh,BSP,83613
20,Andhra Pradesh,CPI,26536
21,Andhra Pradesh,CPI(ML)(L),4440
22,Andhra Pradesh,CPIM,41111
23,Andhra Pradesh,DABAP,4444
24,Andhra Pradesh,HMRD,447
25,Andhra Pradesh,ILP(AP),1017
26,Andhra Pradesh,INC,406977
27,Andhra Pradesh,IND,248025
28,Andhra Pradesh,IPBP,6937
29,Andhra Pradesh,IUML,2387
30,Andhra Pradesh,JAJGP,11464
31,Andhra Pradesh,JPD,913
32,Andhra Pradesh,JnP,1829346
33,Andhra Pradesh,MCPI,583
34,Andhra Pradesh,MPP,7342
35,Andhra Pradesh,NDDHP,628
36,Andhra Pradesh,NNKP,887
37,Andhra Pradesh,NOTA,468822
38,Andhra Pradesh,NPT,1341
39,Andhra Pradesh,NRCP,1489
40,Andhra Pradesh,NVSP,4286
41,Andhra Pradesh,NavaP,1135
42,Andhra Pradesh,PPOI,27339
43,Andhra Pradesh,PRSHP,9738
44,Andhra Pradesh,RD,1220
45,Andhra Pradesh,RDHP,368
46,Andhra Pradesh,RKSP,3460
47,Andhra Pradesh,RPC(S),996
48,Andhra Pradesh,RPI(A),8614
49,Andhra Pradesh,RPI(KH),1804
50,Andhra Pradesh,RRS,1229
51,Andhra Pradesh,SAPRP,4983
52,Andhra Pradesh,SDPI,7293
53,Andhra Pradesh,SMFB,2107
54,Andhra Pradesh,SP,6753
55,Andhra Pradesh,SUCI(C),2184
56,Andhra Pradesh,TDP,12515345
57,Andhra Pradesh,VCK,4864
58,Andhra Pradesh,VJNP,1726
59,Andhra Pradesh,YSRCP,15537006
60,Arunachal Pradesh,AIFB,1921
61,Arunachal Pradesh,BJP,379679
62,Arunachal Pradesh,INC,134888
63,Arunachal Pradesh,IND,13439
64,Arunachal Pradesh,JD(S),59878
65,Arunachal Pradesh,NOTA,7464
66,Arunachal Pradesh,NPEP,27119
67,Arunachal Pradesh,PPA,27703
68,Assam,ADRP,8285
69,Assam,AGP,1480697
70,Assam,AIFB,5816
71,Assam,AITC,74522
72,Assam,AIUDF,1402088
73,Assam,AJM,21678
74,Assam,ASDC,36915
75,Assam,BGanP,13039
76,Assam,BJP,6484596
77,Assam,BMUP,6933
78,Assam,BNJD,2072
79,Assam,BOPF,446774
80,Assam,CPI,31227
81,Assam,CPIM,40937
82,Assam,HND,22031
83,Assam,INC,6373659
84,Assam,IND,868715
85,Assam,NCP,11010
86,Assam,NOTA,178353
87,Assam,NPEP,48689
88,Assam,NRCong,4278
89,Assam,PUJP,22415
90,Assam,RPI(A),11250
91,Assam,SP,2383
92,Assam,SUCI(C),16831
93,Assam,SwaBP,4110
94,Assam,TNRMPI,3973
95,Assam,UPPL,312435
96,Assam,VPI,50355
97,Bihar,AAAP,26147
98,Bihar,AAHPty,3434
99,Bihar,AAM,32218
100,Bihar,ABJS,3597
101,Bihar,AHFBK,23252
102,Bihar,AIFB,16454
103,Bihar,AIMIM,295029
104,Bihar,AITC,5483
105,Bihar,AJPR,31017
106,Bihar,AKBHAD,4378
107,Bihar,AKBMP,10127
108,Bihar,AMiP,11311
109,Bihar,ANC,12431
110,Bihar,APKSP,8354
111,Bihar,APoI,25234
112,Bihar,ASDHP,11598
113,Bihar,BALP,12270
114,Bihar,BBC,19003
115,Bihar,BBMP,9894
116,Bihar,BDlP,15376
117,Bihar,BHAIP,1613
118,Bihar,BHAPRAP,4965
119,Bihar,BIP,2231
120,Bihar,BJAZP,1814
121,Bihar,BJKD,23414
122,Bihar,BJKVP,40906
123,Bihar,BJP,9619548
124,Bihar,BKVP,3778
125,Bihar,BLND,32445
126,Bihar,BLRP,4208
127,Bihar,BLSP,1462518
128,Bihar,BMF,23765
129,Bihar,BMUP,63443
130,Bihar,BMtrP,12737
131,Bihar,BNDl,26065
132,Bihar,BNSKP,2640
133,Bihar,BRM,7944
134,Bihar,BSP,682428
135,Bihar,BSSPA,3615
136,Bihar,BhAmAP,9628
137,Bihar,BhNP,5674
138,Bihar,CPI,280250
139,Bihar,CPI(ML)(L),545096
140,Bihar,CPIM,27577
141,Bihar,GJNP,11678
142,Bihar,HAMS,956501
143,Bihar,HND,10966
144,Bihar,INC,3140797
145,Bihar,IND,2225474
146,Bihar,JANADIP,34770
147,Bihar,JAPL,97631
148,Bihar,JD(U),8902719
149,Bihar,JDR,27584
150,Bihar,JGHTP,6171
151,Bihar,JHP,13693
152,Bihar,JKNPP,3545
153,Bihar,JKiP,9264
154,Bihar,JMM,30853
155,Bihar,JP,13467
156,Bihar,JPJD,17791
157,Bihar,JPS,1793
158,Bihar,JRVP,2364
159,Bihar,JTVP,17955
160,Bihar,KPOI,3064
161,Bihar,LAJSP,9868
162,Bihar,LCD,2384
163,Bihar,LJP,3206979
164,Bihar,LJVM,9278
165,Bihar,LSD,6313
166,Bihar,MADP,14532
167,Bihar,MOSP,17980
168,Bihar,ManJP,6267
169,Bihar,NCP,38991
170,Bihar,NJP,4444
171,Bihar,NOTA,816950
172,Bihar,PBI,5965
173,Bihar,PMP,13238
174,Bihar,PMPT,11081
175,Bihar,PPID,55477
176,Bihar,PSPL,20434
177,Bihar,PSS,2830
178,Bihar,PUJP,5074
179,Bihar,RACHEP,1975
180,Bihar,RAHIS,67782
181,Bihar,RDU,1907
182,Bihar,RJBP,37610
183,Bihar,RJD,6270769
184,Bihar,RJPD,1414
185,Bihar,RMGP,16371
186,Bihar,RPI,6428
187,Bihar,RPI(A),10283
188,Bihar,RPP,2718
189,Bihar,RRP,3195
190,Bihar,RSJVP,6497
191,Bihar,RSPSR,55803
192,Bihar,RSTSAHP,2756
193,Bihar,RSWD,8381
194,Bihar,RUC,3776
195,Bihar,RVNP,10721
196,Bihar,SAAFP,8643
197,Bihar,SANVP,2364
198,Bihar,SBSP,36617
199,Bihar,SGUP,6514
200,Bihar,SHS,64462
201,Bihar,SJDD,25630
202,Bihar,SP,2881
203,Bihar,SPAKP,3978
204,Bihar,SPL,15132
205,Bihar,SSD,54483
206,Bihar,SUCI(C),33146
207,Bihar,SWSP,2069
208,Bihar,SaBP,6395
209,Bihar,VCSMP,17856
210,Bihar,VPI,42919
211,Bihar,VSIP,660706
212,Bihar,WAP,29392
213,Bihar,YKP,30492
214,Bihar,mimm,4413
215,Bihar,ravp,9109
216,Chandigarh,AAAP,13781
217,Chandigarh,AIFB,164
218,Chandigarh,AKBHAD,209
219,Chandigarh,ANC,245
220,Chandigarh,BHAPRAP,531
221,Chandigarh,BJP,231188
222,Chandigarh,BJSAP,452
223,Chandigarh,BKNP,285
224,Chandigarh,BMFP,1578
225,Chandigarh,BMUP,920
226,Chandigarh,BSP,7396
227,Chandigarh,BSP(A),312
228,Chandigarh,BhaRP,461
229,Chandigarh,CHKAP,3186
230,Chandigarh,CPIM,377
231,Chandigarh,HSS,365
232,Chandigarh,INC,184218
233,Chandigarh,IND,4714
234,Chandigarh,JanSP,486
235,Chandigarh,NOTA,4335
236,Chandigarh,RPI(A),212
237,Chandigarh,RaJPa,194
238,Chandigarh,RasLP,158
239,Chandigarh,SAKAP,658
240,Chandigarh,SVJSP,143
241,Chhattisgarh,ABSKP,9912
242,Chhattisgarh,APoI,57703
243,Chhattisgarh,AVVP,2201
244,Chhattisgarh,BHAPRAP,775
245,Chhattisgarh,BHBHP,5045
246,Chhattisgarh,BHBP,1069
247,Chhattisgarh,BJP,6902477
248,Chhattisgarh,BKNP,7093
249,Chhattisgarh,BLRP,826
250,Chhattisgarh,BMUP,8769
251,Chhattisgarh,BSCP,14931
252,Chhattisgarh,BSHSP,1852
253,Chhattisgarh,BSP,313261
254,Chhattisgarh,BTP,5501
255,Chhattisgarh,BYPP,1986
256,Chhattisgarh,CPI,38395
257,Chhattisgarh,CPIM,2263
258,Chhattisgarh,CSM,1522
259,Chhattisgarh,FDLP,1519
260,Chhattisgarh,GGP,86097
261,Chhattisgarh,INC,5569183
262,Chhattisgarh,IND,259902
263,Chhattisgarh,IPBP,797
264,Chhattisgarh,KMSP,1854
265,Chhattisgarh,NOTA,196265
266,Chhattisgarh,PPID,6240
267,Chhattisgarh,PSPL,8887
268,Chhattisgarh,RGOP,1850
269,Chhattisgarh,RJsbhP,16902
270,Chhattisgarh,RP(K),1506
271,Chhattisgarh,RPI(A),2561
272,Chhattisgarh,SABHP,1210
273,Chhattisgarh,SDP(MP),12107
274,Chhattisgarh,SHS,50719
275,Chhattisgarh,SSBD,2802
276,Chhattisgarh,SSD,9060
277,Chhattisgarh,SUCI(C),3690
278,Chhattisgarh,SUSP,2568
279,Chhattisgarh,SWAP,966
280,Chhattisgarh,cvgrp,2187
281,Dadra & Nagar Haveli,BJP,81420
282,Dadra & Nagar Haveli,BMUP,1596
283,Dadra & Nagar Haveli,BSP,948
284,Dadra & Nagar Haveli,BTP,843
285,Dadra & Nagar Haveli,INC,8608
286,Dadra & Nagar Haveli,IND,97458
287,Dadra & Nagar Haveli,NOTA,2950
288,Dadra & Nagar Haveli,NSBHP,1160
289,Dadra & Nagar Haveli,SHS,4000
290,Daman & Diu,BJP,37597
291,Daman & Diu,BSP,792
292,Daman & Diu,INC,27655
293,Daman & Diu,IND,19938
294,Daman & Diu,NOTA,1487
295,Goa,AAAP,25647
296,Goa,BJP,436650
297,Goa,INC,366158
298,Goa,IND,7677
299,Goa,NOTA,12499
300,Goa,RPI(KM),2809
301,Goa,SHS,1763
302,Gujarat,ABJS,1034
303,Gujarat,ADPT,5682
304,Gujarat,AINHCP,1097
305,Gujarat,ANC,2804
306,Gujarat,APoI,1055
307,Gujarat,BAHUMP,713
308,Gujarat,BARESP,1692
309,Gujarat,BBC,497
310,Gujarat,BJP,18091275
311,Gujarat,BMFP,858
312,Gujarat,BMUP,20823
313,Gujarat,BNJD,5271
314,Gujarat,BRP,992
315,Gujarat,BSCP,613
316,Gujarat,BSDL,743
317,Gujarat,BSP,249184
318,Gujarat,BTP,180260
319,Gujarat,CPI,5735
320,Gujarat,GAGUP,10469
321,Gujarat,GJPP,1524
322,Gujarat,HND,22482
323,Gujarat,INC,9337084
324,Gujarat,IND,626629
325,Gujarat,JANSAPP,3646
326,Gujarat,JSVP,3330
327,Gujarat,LOGAP,635
328,Gujarat,LoRP,705
329,Gujarat,MaNPa,1887
330,Gujarat,NCP,27305
331,Gujarat,NIRBHP,2449
332,Gujarat,NOTA,400932
333,Gujarat,PAP,1346
334,Gujarat,PPID,2163
335,Gujarat,PPOI,1472
336,Gujarat,REALDP,532
337,Gujarat,RNNBP,811
338,Gujarat,RPWP,3762
339,Gujarat,RSP(S),3256
340,Gujarat,RSPS,3016
341,Gujarat,RTORP,3577
342,Gujarat,RVZP,1290
343,Gujarat,SABHP,604
344,Gujarat,SANVP,3282
345,Gujarat,STBSP,2142
346,Gujarat,SUCI(C),1614
347,Gujarat,SVPP,13884
348,Gujarat,VPP,14974
349,Gujarat,YJJP,10147
350,Gujarat,YuS,1296
351,Gujarat,aicp,3391
352,Haryana,AAAP,45498
353,Haryana,AAPP,6729
354,Haryana,ABD,716
355,Haryana,ABJS,1027
356,Haryana,AIFB,1523
357,Haryana,AJNSP,551
358,Haryana,AVIRP,471
359,Haryana,BAHUMP,357
360,Haryana,BHAPRAP,4587
361,Haryana,BHTJP,2209
362,Haryana,BJP,7357347
363,Haryana,BJSAP,766
364,Haryana,BKNP,2688
365,Haryana,BMUP,11162
366,Haryana,BSCP,4532
367,Haryana,BSP,461273
368,Haryana,CPI,7563
369,Haryana,CPIM,9150
370,Haryana,DKSP,346
371,Haryana,DSPVAD,422
372,Haryana,HCP,1192
373,Haryana,INC,3604106
374,Haryana,IND,135637
375,Haryana,INLD,240258
376,Haryana,JJJKP,1243
377,Haryana,JNJP,619970
378,Haryana,LPSP,478
379,Haryana,LTSP,55280
380,Haryana,MYSP,605
381,Haryana,NNMP,985
382,Haryana,NOTA,41781
383,Haryana,PPID,10849
384,Haryana,PSPL,8094
385,Haryana,RABSP,1777
386,Haryana,RASAP,527
387,Haryana,RGD,774
388,Haryana,RJAVP,535
389,Haryana,RMEP,509
390,Haryana,RMPOI,1851
391,Haryana,RPI,443
392,Haryana,RPI(A),2128
393,Haryana,RPIE,463
394,Haryana,RRP,1868
395,Haryana,RVP,477
396,Haryana,RaNP,658
397,Haryana,RasLP,9005
398,Haryana,SHS,6761
399,Haryana,SNP,5027
400,Haryana,SPAKP,770
401,Haryana,SUCI(C),5760
402,Haryana,ToP,330
403,Haryana,VoP,2478
404,Himachal Pradesh,AIFB,7097
405,Himachal Pradesh,APoI,1872
406,Himachal Pradesh,BJP,2661281
407,Himachal Pradesh,BMUP,473
408,Himachal Pradesh,BSCP,751
409,Himachal Pradesh,BSP,32780
410,Himachal Pradesh,CPIM,14838
411,Himachal Pradesh,HIMJKP,970
412,Himachal Pradesh,INC,1051113
413,Himachal Pradesh,IND,35710
414,Himachal Pradesh,NED,2371
415,Himachal Pradesh,NOTA,33008
416,Himachal Pradesh,PPID,511
417,Himachal Pradesh,RADM,3799
418,Himachal Pradesh,SWAP,1839
419,Himachal Pradesh,SatBP,2319
420,Jammu & Kashmir,AIFB,3866
421,Jammu & Kashmir,BJP,1648041
422,Jammu & Kashmir,BSP,30877
423,Jammu & Kashmir,DSSP,26588
424,Jammu & Kashmir,HND,1281
425,Jammu & Kashmir,INC,1011527
426,Jammu & Kashmir,IND,226239
427,Jammu & Kashmir,INDPP,1723
428,Jammu & Kashmir,JD(U),1250
429,Jammu & Kashmir,JKN,280356
430,Jammu & Kashmir,JKNPP,34044
431,Jammu & Kashmir,JKPDP,84054
432,Jammu & Kashmir,JKPPAP,1612
433,Jammu & Kashmir,JPC,133612
434,Jammu & Kashmir,MaNPa,2184
435,Jammu & Kashmir,NOTA,21739
436,Jammu & Kashmir,NRCP,2776
437,Jammu & Kashmir,PDP,36700
438,Jammu & Kashmir,PSPL,217
439,Jammu & Kashmir,RaJPa,506
440,Jammu & Kashmir,SHS,3430
441,Jharkhand,AAM,2627
442,Jharkhand,ABHM,3845
443,Jharkhand,AHNP,9786
444,Jharkhand,AIFB,15683
445,Jharkhand,AITC,72070
446,Jharkhand,AJSUP,648277
447,Jharkhand,AMB,8300
448,Jharkhand,ANC,4121
449,Jharkhand,APoI,25819
450,Jharkhand,BHAPRAP,3479
451,Jharkhand,BHAZS,1527
452,Jharkhand,BJKD,1842
453,Jharkhand,BJP,7623987
454,Jharkhand,BLRP,1088
455,Jharkhand,BLSD,13047
456,Jharkhand,BMFP,1206
457,Jharkhand,BMSM,1864
458,Jharkhand,BMUP,18007
459,Jharkhand,BSP,166519
460,Jharkhand,BYPP,1463
461,Jharkhand,BaSaPa,2701
462,Jharkhand,CPI,70843
463,Jharkhand,CPI(ML)(L),73211
464,Jharkhand,CPIM,41283
465,Jharkhand,HBP,2373
466,Jharkhand,HND,4987
467,Jharkhand,INC,2338466
468,Jharkhand,IND,621247
469,Jharkhand,JAC,3983
470,Jharkhand,JKP,35060
471,Jharkhand,JKP(N),7665
472,Jharkhand,JKPP,13975
473,Jharkhand,JKPS,1244
474,Jharkhand,JMM,1722635
475,Jharkhand,JMM(U),8672
476,Jharkhand,JPJD,4998
477,Jharkhand,JSVP,4164
478,Jharkhand,JVM,750799
479,Jharkhand,KS,5647
480,Jharkhand,MOSP,3254
481,Jharkhand,NOTA,189365
482,Jharkhand,PPID,6885
483,Jharkhand,PSPU,6580
484,Jharkhand,PSS,4286
485,Jharkhand,PUJP,4483
486,Jharkhand,RJANSWP,4897
487,Jharkhand,RJD,361478
488,Jharkhand,RPI(A),7729
489,Jharkhand,RSPSR,2307
490,Jharkhand,RTORP,2481
491,Jharkhand,RTSGP,3895
492,Jharkhand,SP,1453
493,Jharkhand,SUCI(C),12715
494,Jharkhand,UPNSE,2051
495,Jharkhand,VPI,5099
496,Jharkhand,VSP,4490
497,Karnataka,ABML(S),4624
498,Karnataka,AHNP,4992
499,Karnataka,AINHCP,1189
500,Karnataka,AMKP,829
501,Karnataka,APoI,3635
502,Karnataka,ASP,22619
503,Karnataka,BAHUMP,2028
504,Karnataka,BBKD,2159
505,Karnataka,BBM,5971
506,Karnataka,BHAPRAP,2372
507,Karnataka,BHBHP,1685
508,Karnataka,BHPP,1649
509,Karnataka,BJKD,3344
510,Karnataka,BJP,18053454
511,Karnataka,BMUP,645
512,Karnataka,BPKP,3385
513,Karnataka,BSP,412382
514,Karnataka,CPI,17227
515,Karnataka,CPIM,21923
516,Karnataka,DPPS,429
517,Karnataka,EP,1442
518,Karnataka,GaAP,385
519,Karnataka,HJP,4400
520,Karnataka,ICF,3017
521,Karnataka,ILP(AP),3906
522,Karnataka,INC,11203016
523,Karnataka,INCP,20235
524,Karnataka,IND,1367841
525,Karnataka,IPBP,4625
526,Karnataka,JD(S),3397229
527,Karnataka,JVBP,696
528,Karnataka,KCVP,2510
529,Karnataka,KJP,2013
530,Karnataka,KKJHS,1707
531,Karnataka,KKMP,3084
532,Karnataka,KPJP,1207
533,Karnataka,KPPR,3697
534,Karnataka,MLPOIRF,1609
535,Karnataka,NDEP,1138
536,Karnataka,NOTA,250810
537,Karnataka,PBI,1320
538,Karnataka,PPOI,20760
539,Karnataka,PSPL,2055
540,Karnataka,PSS,3539
541,Karnataka,PUJP,1241
542,Karnataka,PrStP,742
543,Karnataka,RJBP,3128
544,Karnataka,RPI,1059
545,Karnataka,RPI(A),6545
546,Karnataka,RPIK,14746
547,Karnataka,RSPS,4863
548,Karnataka,RTBHP,811
549,Karnataka,RTORP,1033
550,Karnataka,SAJP,4991
551,Karnataka,SDC,1016
552,Karnataka,SDPI,46839
553,Karnataka,SHS,14350
554,Karnataka,SJPA,14213
555,Karnataka,SMFB,3397
556,Karnataka,SUCI(C),24505
557,Karnataka,UPJP,120800
558,Karnataka,VCK,540
559,Karnataka,rpsn,5081
560,Kerala,APoI,3958
561,Kerala,AgIMK,845
562,Kerala,BDJS,380847
563,Kerala,BJP,2635810
564,Kerala,BSP,50153
565,Kerala,CPI,1233886
566,Kerala,CPIM,5270241
567,Kerala,INC,7596610
568,Kerala,IND,817459
569,Kerala,IUML,1111697
570,Kerala,KEC,155135
571,Kerala,KEC(M),421046
572,Kerala,MCPI,871
573,Kerala,NALAP,2833
574,Kerala,NOTA,103596
575,Kerala,PDP,3156
576,Kerala,PNP,1695
577,Kerala,RSP,499677
578,Kerala,RSPS,379
579,Kerala,SDC,804
580,Kerala,SDPI,80111
581,Kerala,SMFB,932
582,Kerala,SUCI(C),11527
583,Kerala,VCK,1628
584,Kerala,igp,320
585,Lakshadweep,BJP,125
586,Lakshadweep,CPI,143
587,Lakshadweep,CPIM,420
588,Lakshadweep,INC,22028
589,Lakshadweep,JD(U),1342
590,Lakshadweep,NCP,22851
591,Lakshadweep,NOTA,100
592,Madhya Pradesh,AABHAP,3472
593,Madhya Pradesh,ABGP,46595
594,Madhya Pradesh,ABHM,3081
595,Madhya Pradesh,AIFB,3236
596,Madhya Pradesh,AINHCP,5584
597,Madhya Pradesh,AIUC,4024
598,Madhya Pradesh,AKBHAD,6879
599,Madhya Pradesh,ANRP,2360
600,Madhya Pradesh,ANSP,1424
601,Madhya Pradesh,APoI,32423
602,Madhya Pradesh,ARK,933
603,Madhya Pradesh,AVIRP,6335
604,Madhya Pradesh,AVVP,1325
605,Madhya Pradesh,BAHUMP,7760
606,Madhya Pradesh,BHAPRAP,16598
607,Madhya Pradesh,BHJMP,1055
608,Madhya Pradesh,BJP,21406911
609,Madhya Pradesh,BJSPP,1392
610,Madhya Pradesh,BLRP,3435
611,Madhya Pradesh,BMUP,34642
612,Madhya Pradesh,BMVSP,1311
613,Madhya Pradesh,BSCP,61758
614,Madhya Pradesh,BSP,878013
615,Madhya Pradesh,BTARP,4632
616,Madhya Pradesh,BTP,14784
617,Madhya Pradesh,CPI,91704
618,Madhya Pradesh,CPIM,14271
619,Madhya Pradesh,GGP,111512
620,Madhya Pradesh,HND,17767
621,Madhya Pradesh,INC,12733074
622,Madhya Pradesh,IND,699148
623,Madhya Pradesh,JAC,7888
624,Madhya Pradesh,JANADIP,3112
625,Madhya Pradesh,JD(U),6320
626,Madhya Pradesh,JLokP,473
627,Madhya Pradesh,JNSMP,1158
628,Madhya Pradesh,KPOI,2583
629,Madhya Pradesh,KSRP,2426
630,Madhya Pradesh,MNDP,4455
631,Madhya Pradesh,MPJVP,15472
632,Madhya Pradesh,NATWOMP,1748
633,Madhya Pradesh,NOTA,340984
634,Madhya Pradesh,PBI,1890
635,Madhya Pradesh,PHRC,9906
636,Madhya Pradesh,PPID,35703
637,Madhya Pradesh,PRSP,4612
638,Madhya Pradesh,PSJP,1204
639,Madhya Pradesh,PSPL,23901
640,Madhya Pradesh,PSPU,2304
641,Madhya Pradesh,RAPty,2272
642,Madhya Pradesh,RKSP,1431
643,Madhya Pradesh,RPI(A),9299
644,Madhya Pradesh,RPIR,825
645,Madhya Pradesh,RRP,1113
646,Madhya Pradesh,RSOSP,7361
647,Madhya Pradesh,RSPS,2164
648,Madhya Pradesh,RTAMP,1965
649,Madhya Pradesh,RTORP,484
650,Madhya Pradesh,RaNP,930
651,Madhya Pradesh,RsAD,5696
652,Madhya Pradesh,SABHP,10554
653,Madhya Pradesh,SADSP,6368
654,Madhya Pradesh,SDP(MP),418
655,Madhya Pradesh,SGUP,15558
656,Madhya Pradesh,SHS,9900
657,Madhya Pradesh,SJPT,1672
658,Madhya Pradesh,SMARTIP,11877
659,Madhya Pradesh,SP,82662
660,Madhya Pradesh,SP(I),528
661,Madhya Pradesh,SPAKP,28618
662,Madhya Pradesh,SUCI(C),3540
663,Madhya Pradesh,SWAJANPA,968
664,Madhya Pradesh,SaVP,2688
665,Madhya Pradesh,SamSP,9396
666,Madhya Pradesh,VSP,4294
667,Madhya Pradesh,cvgrp,3353
668,Madhya Pradesh,ssrd,572
669,Madhya Pradesh,swbi,527
670,Maharashtra,AAPP,1890
671,Maharashtra,ABEP,1006
672,Maharashtra,ABHS,1567
673,Maharashtra,ABJS,850
674,Maharashtra,ABMP,480
675,Maharashtra,ABSSP,735
676,Maharashtra,ACDP,589
677,Maharashtra,AIMF,722
678,Maharashtra,AIMIM,389042
679,Maharashtra,AKHP,3907
680,Maharashtra,ALoP,4856
681,Maharashtra,ANC,7384
682,Maharashtra,APoI,51693
683,Maharashtra,ARP,4399
684,Maharashtra,BAAP,3919
685,Maharashtra,BAHUMP,33428
686,Maharashtra,BALP,11383
687,Maharashtra,BARESP,52574
688,Maharashtra,BBKD,4525
689,Maharashtra,BEPP,1434
690,Maharashtra,BHAPRAP,5822
691,Maharashtra,BJAZP,6607
692,Maharashtra,BJP,14912139
693,Maharashtra,BKNP,5580
694,Maharashtra,BLRP,1234
695,Maharashtra,BMFP,4576
696,Maharashtra,BMSM,620
697,Maharashtra,BMUP,76579
698,Maharashtra,BPSJP,14757
699,Maharashtra,BSCP,905
700,Maharashtra,BSP,462539
701,Maharashtra,BTP,22673
702,Maharashtra,BVA,491596
703,Maharashtra,CPI,37395
704,Maharashtra,CPIM,111272
705,Maharashtra,CSM,1169
706,Maharashtra,DJHP,273
707,Maharashtra,DMSK,2199
708,Maharashtra,DSPVAD,1238
709,Maharashtra,GGP,5778
710,Maharashtra,HAPa,2728
711,Maharashtra,HBP,7082
712,Maharashtra,HJP,5597
713,Maharashtra,HND,2096
714,Maharashtra,HiPPa,3750
715,Maharashtra,INC,8792237
716,Maharashtra,IND,1991492
717,Maharashtra,IUML,8440
718,Maharashtra,JAC,1158
719,Maharashtra,JANADIP,7054
720,Maharashtra,JMBP,1347
721,Maharashtra,KKJHS,9493
722,Maharashtra,LJGP,1135
723,Maharashtra,LKSGM,8418
724,Maharashtra,MAHKRS,2761
725,Maharashtra,MLPOIRF,12407
726,Maharashtra,MNDP,673
727,Maharashtra,MSHP,281578
728,Maharashtra,NAP,1654
729,Maharashtra,NCP,8387363
730,Maharashtra,NNP,4590
731,Maharashtra,NOTA,488766
732,Maharashtra,PBI,1589
733,Maharashtra,PECP,2712
734,Maharashtra,PHJSP,20620
735,Maharashtra,PPID,8640
736,Maharashtra,PRCP,10446
737,Maharashtra,PSPL,1812
738,Maharashtra,PUNP,547
739,Maharashtra,RAJSPty,1425
740,Maharashtra,RAKRD,475
741,Maharashtra,RASMARP,8997
742,Maharashtra,RBCP,1574
743,Maharashtra,RBS,1820
744,Maharashtra,RJBP,10835
745,Maharashtra,RJSPS,1934
746,Maharashtra,RJanPty,3433
747,Maharashtra,RJnPty,699
748,Maharashtra,RSP(S),670
749,Maharashtra,RTORP,1492
750,Maharashtra,RUC,1632
751,Maharashtra,SABHP,1290
752,Maharashtra,SHS,12589064
753,Maharashtra,SMFB,2134
754,Maharashtra,SP,12306
755,Maharashtra,STBP,12430
756,Maharashtra,SUCI(C),1083
757,Maharashtra,SVPP,998
758,Maharashtra,SWP,834380
759,Maharashtra,SaRaPa,1961
760,Maharashtra,SanS,1987
761,Maharashtra,SwaBP,446
762,Maharashtra,VBA,3743560
763,Maharashtra,bns,4917
764,Maharashtra,ssrd,3184
765,Manipur,BJP,553377
766,Manipur,CPI,133813
767,Manipur,INC,398387
768,Manipur,IND,85565
769,Manipur,JD(U),2987
770,Manipur,MDPF,1256
771,Manipur,MPEP,1783
772,Manipur,NCP,2552
773,Manipur,NEINDP,37221
774,Manipur,NOTA,5389
775,Manipur,NPEP,30726
776,Manipur,NPF,363527
777,Manipur,RJSNP,747
778,Meghalaya,BJP,108390
779,Meghalaya,INC,660114
780,Meghalaya,IND,16142
781,Meghalaya,NOTA,10874
782,Meghalaya,NPEP,304455
783,Meghalaya,UDP,267256
784,Mizoram,BJP,28707
785,Mizoram,IND,230796
786,Mizoram,MNF,224286
787,Mizoram,NOTA,2509
788,Mizoram,PRISMP,13323
789,NCT OF Delhi,AAAP,1571687
790,NCT OF Delhi,AAPP,6484
791,NCT OF Delhi,ABJS,403
792,NCT OF Delhi,ABMP,405
793,NCT OF Delhi,AIFB,367
794,NCT OF Delhi,ANC,2148
795,NCT OF Delhi,ARK,636
796,NCT OF Delhi,ATBP,641
797,NCT OF Delhi,AnAP,1281
798,NCT OF Delhi,BHAIP,1651
799,NCT OF Delhi,BHAPRAP,2170
800,NCT OF Delhi,BJP,4908541
801,NCT OF Delhi,BKNP,289
802,NCT OF Delhi,BLokSP,849
803,NCT OF Delhi,BPC,724
804,NCT OF Delhi,BSP,93977
805,NCT OF Delhi,CHALP,958
806,NCT OF Delhi,CoAP,275
807,NCT OF Delhi,ESP,1270
808,NCT OF Delhi,HBP,3892
809,NCT OF Delhi,INC,1953900
810,NCT OF Delhi,IND,30764
811,NCT OF Delhi,JKNPP,920
812,NCT OF Delhi,JMBP,1537
813,NCT OF Delhi,JNSMP,1708
814,NCT OF Delhi,JPJD,1393
815,NCT OF Delhi,KBD,369
816,NCT OF Delhi,MKDVP,5017
817,NCT OF Delhi,NAPt,1044
818,NCT OF Delhi,NOTA,45654
819,NCT OF Delhi,NYP,1053
820,NCT OF Delhi,PBI,4223
821,NCT OF Delhi,PPID,4201
822,NCT OF Delhi,PPOI,2830
823,NCT OF Delhi,PRISM,1400
824,NCT OF Delhi,PSJP,1897
825,NCT OF Delhi,RAJADP,370
826,NCT OF Delhi,RHSP,1648
827,NCT OF Delhi,RJBP,249
828,NCT OF Delhi,RJSPS,551
829,NCT OF Delhi,RPI(A),2783
830,NCT OF Delhi,RRP,2244
831,NCT OF Delhi,RTORP,2297
832,NCT OF Delhi,RaNP,1579
833,NCT OF Delhi,SANVP,309
834,NCT OF Delhi,SJVP,419
835,NCT OF Delhi,SPRP,740
836,NCT OF Delhi,SUCI(C),1749
837,NCT OF Delhi,SatBP,3029
838,NCT OF Delhi,SoJP,805
839,NCT OF Delhi,TNRMPI,699
840,NCT OF Delhi,UtPP,943
841,NCT OF Delhi,VPI,314
842,NCT OF Delhi,bjdi,435
843,NCT OF Delhi,ssrd,1291
844,Nagaland,INC,484166
845,Nagaland,IND,4620
846,Nagaland,NDPP,500510
847,Nagaland,NOTA,2064
848,Nagaland,NPEP,14997
849,Odisha,AAAP,6614
850,Odisha,ABHM,16549
851,Odisha,AIFB,11853
852,Odisha,AITC,9576
853,Odisha,ANC,6553
854,Odisha,APoI,58251
855,Odisha,BHAPRAP,3467
856,Odisha,BJD,10174021
857,Odisha,BJP,9130768
858,Odisha,BMFP,2914
859,Odisha,BMUP,38217
860,Odisha,BSP,181496
861,Odisha,CPI,59978
862,Odisha,CPI(ML)(L),28768
863,Odisha,CPIM,56929
864,Odisha,FPI,6884
865,Odisha,GGP,2699
866,Odisha,HND,10973
867,Odisha,INC,3285339
868,Odisha,IND,160336
869,Odisha,JMM,135552
870,Odisha,JPJD,3222
871,Odisha,KRUP,8510
872,Odisha,KS,6785
873,Odisha,NOTA,310824
874,Odisha,OPD,8304
875,Odisha,PBI,4470
876,Odisha,PSPL,4616
877,Odisha,PUJP,1241
878,Odisha,RAIM,10914
879,Odisha,SP,5148
880,Odisha,SUCI(C),38474
881,Odisha,skd,3877
882,Puducherry,ACDP,674
883,Puducherry,AINRC,247956
884,Puducherry,AgIMK,2201
885,Puducherry,BSP,2689
886,Puducherry,CPI(ML)(L),905
887,Puducherry,INC,444981
888,Puducherry,IND,15626
889,Puducherry,MNM,38068
890,Puducherry,NOTA,12199
891,Puducherry,NTK,22857
892,Puducherry,PUDEP,1319
893,Puducherry,SUCI(C),1285
894,Punjab,AAAP,1015773
895,Punjab,AKBHAD,1072
896,Punjab,ANC,2400
897,Punjab,APoI,7561
898,Punjab,ASJP,3678
899,Punjab,BHAPRAP,4951
900,Punjab,BHTJP,5001
901,Punjab,BJP,1325445
902,Punjab,BLSD,20335
903,Punjab,BMUP,5596
904,Punjab,BSCP,2304
905,Punjab,BSP,479788
906,Punjab,BSP(A),6490
907,Punjab,CPI,42463
908,Punjab,CPI(ML)(L),10616
909,Punjab,CPIM,10665
910,Punjab,DPI,499
911,Punjab,DPIN,4913
912,Punjab,HBP,1430
913,Punjab,HCP,902
914,Punjab,HSP,1014
915,Punjab,HSS,21406
916,Punjab,IDRP,6106
917,Punjab,INC,5523066
918,Punjab,IND,235106
919,Punjab,JD(U),2726
920,Punjab,JJJKP,3566
921,Punjab,JanSP,10838
922,Punjab,LIP,469784
923,Punjab,NATJUP,6531
924,Punjab,NAWPP,161645
925,Punjab,NCP,5689
926,Punjab,NOTA,154423
927,Punjab,PLP,692
928,Punjab,PPID,5178
929,Punjab,PPIS,1597
930,Punjab,PPOI,2824
931,Punjab,PUNEKP,296620
932,Punjab,RASAP,3160
933,Punjab,RJSPS,6415
934,Punjab,RMPOI,15274
935,Punjab,RPI(A),2009
936,Punjab,RPIR,952
937,Punjab,RSP,1733
938,Punjab,RasLP,3296
939,Punjab,SAD,3778574
940,Punjab,SAD(M),52185
941,Punjab,SADT,10424
942,Punjab,SAKAP,6078
943,Punjab,SBM,2917
944,Punjab,SHS,13284
945,Punjab,SLDP,984
946,Punjab,SP(I),1406
947,Punjab,SUCI(C),5106
948,Punjab,SVJSP,942
949,Rajasthan,APoI,88372
950,Rajasthan,AVIRP,891
951,Rajasthan,BJP,18968392
952,Rajasthan,BJSTP,12416
953,Rajasthan,BKNP,1154
954,Rajasthan,BMUP,28476
955,Rajasthan,BRKP(D),2880
956,Rajasthan,BSP,348678
957,Rajasthan,BTP,315258
958,Rajasthan,CPI,46619
959,Rajasthan,CPIM,78648
960,Rajasthan,DSPVAD,1862
961,Rajasthan,HND,1745
962,Rajasthan,IICR,2569
963,Rajasthan,INC,11107910
964,Rajasthan,IND,347584
965,Rajasthan,IPGP,9538
966,Rajasthan,JSVP,1774
967,Rajasthan,MCPI,1161
968,Rajasthan,NOTA,327559
969,Rajasthan,NPSF,5798
970,Rajasthan,PHRC,626
971,Rajasthan,PPID,2751
972,Rajasthan,PRCP,2783
973,Rajasthan,PSPL,3444
974,Rajasthan,PSS,2880
975,Rajasthan,RJBP,506
976,Rajasthan,RKSP,1488
977,Rajasthan,RLTP,660051
978,Rajasthan,RMGLMP,798
979,Rajasthan,RPWP,7486
980,Rajasthan,RRP,12284
981,Rajasthan,RSVP,349
982,Rajasthan,RTKP,1892
983,Rajasthan,RTORP,16744
984,Rajasthan,SHS,16561
985,Rajasthan,SUCI(C),2623
986,Rajasthan,SatBP,8006
987,Rajasthan,SwaBP,508
988,Sikkim,AIP,396
989,Sikkim,BJP,16572
990,Sikkim,HMSKP,1998
991,Sikkim,INC,3990
992,Sikkim,IND,2600
993,Sikkim,JMBP,383
994,Sikkim,NOTA,2279
995,Sikkim,SDF,154489
996,Sikkim,SKM,166922
997,Sikkim,SKPP,1503
998,Sikkim,SUTF,614
999,Tamil Nadu,ACDP,35277
1000,Tamil Nadu,ADMK,8307345
1001,Tamil Nadu,AHIMSASP,972
1002,Tamil Nadu,AIDMMK,1765
1003,Tamil Nadu,AIMAK,645
1004,Tamil Nadu,AIPTMMK,2764
1005,Tamil Nadu,AIUUK,1999
1006,Tamil Nadu,AIVP,643
1007,Tamil Nadu,AMPK,5089
1008,Tamil Nadu,APEP,1368
1009,Tamil Nadu,APoI,4498
1010,Tamil Nadu,AgIMK,4274
1011,Tamil Nadu,BJP,1551924
1012,Tamil Nadu,BSP,161572
1013,Tamil Nadu,CDF,494
1014,Tamil Nadu,CPI,1031617
1015,Tamil Nadu,CPI(ML)(L),5303
1016,Tamil Nadu,CPIM,1019003
1017,Tamil Nadu,DAMK,719
1018,Tamil Nadu,DCLF,596
1019,Tamil Nadu,DMDK,929590
1020,Tamil Nadu,DMK,14363332
1021,Tamil Nadu,DMSK,12809
1022,Tamil Nadu,DUUK,3337
1023,Tamil Nadu,ETMK,5482
1024,Tamil Nadu,FIP,820
1025,Tamil Nadu,GPI,11631
1026,Tamil Nadu,ICF,1815
1027,Tamil Nadu,IMK,748
1028,Tamil Nadu,INC,5405674
1029,Tamil Nadu,IND,3112954
1030,Tamil Nadu,IUML,469943
1031,Tamil Nadu,JKNPP,1251
1032,Tamil Nadu,MKat,1115
1033,Tamil Nadu,MLJK,265
1034,Tamil Nadu,MMKA,3599
1035,Tamil Nadu,MNM,1575640
1036,Tamil Nadu,MSKK,2906
1037,Tamil Nadu,NIDP,2597
1038,Tamil Nadu,NOTA,550577
1039,Tamil Nadu,NTK,1672217
1040,Tamil Nadu,PMK,2297431
1041,Tamil Nadu,PPIS,3317
1042,Tamil Nadu,PPOI,1890
1043,Tamil Nadu,PSPL,7279
1044,Tamil Nadu,PUJP,3521
1045,Tamil Nadu,RPI,670
1046,Tamil Nadu,RPI(A),5158
1047,Tamil Nadu,SDPI,23741
1048,Tamil Nadu,SMFB,4044
1049,Tamil Nadu,SUCI(C),5765
1050,Tamil Nadu,TMC(M),220849
1051,Tamil Nadu,TNLK,37356
1052,Tamil Nadu,TTNP,2516
1053,Tamil Nadu,UBM,689
1054,Tamil Nadu,UMK,9007
1055,Tamil Nadu,USIP,1244
1056,Tamil Nadu,VCK,500229
1057,Tamil Nadu,VMMKT,1108
1058,Tamil Nadu,rpsn,901
1059,Telangana,ABML(S),555
1060,Telangana,ACDP,3674
1061,Telangana,AHNP,29183
1062,Telangana,AIFB,1458
1063,Telangana,AIMIM,517471
1064,Telangana,ANC,9553
1065,Telangana,APoI,6837
1066,Telangana,BARP,13544
1067,Telangana,BJP,3626173
1068,Telangana,BMUP,14831
1069,Telangana,BRPPA,1008
1070,Telangana,BSP,45494
1071,Telangana,CPI,73872
1072,Telangana,CPIM,82191
1073,Telangana,DABAP,1689
1074,Telangana,HBP,1895
1075,Telangana,INC,5496686
1076,Telangana,IND,586559
1077,Telangana,IPBP,8323
1078,Telangana,IRNP,2012
1079,Telangana,JASWP,1056
1080,Telangana,JnP,85781
1081,Telangana,MCPI,18430
1082,Telangana,NATWOMP,2155
1083,Telangana,NIP,1059
1084,Telangana,NOTA,190798
1085,Telangana,NPRP,8007
1086,Telangana,PJSP,4179
1087,Telangana,PPOI,19089
1088,Telangana,PrStP,720
1089,Telangana,RPI,1416
1090,Telangana,RPI(KH),2598
1091,Telangana,RaJPa,2705
1092,Telangana,SDC,3501
1093,Telangana,SHS,2624
1094,Telangana,SJPI,3927
1095,Telangana,SMFB,5963
1096,Telangana,SUCI(C),2779
1097,Telangana,TECPI,1660
1098,Telangana,TELYS,3407
1099,Telangana,TGPJP,521
1100,Telangana,TJS,57073
1101,Telangana,TRS,7696848
1102,Telangana,TSP,1048
1103,Telangana,YSRPP,1320
1104,Telangana,pjdl,1223
1105,Tripura,AITC,8613
1106,Tripura,AMB,9708
1107,Tripura,APoI,7133
1108,Tripura,BJP,1055658
1109,Tripura,CPIM,372789
1110,Tripura,INC,545679
1111,Tripura,IND,34288
1112,Tripura,IPFT,89529
1113,Tripura,NOTA,23174
1114,Tripura,SUCI(C),4525
1115,Tripura,TRIPP,2076
1116,Uttar Pradesh,AAAP,8643
1117,Uttar Pradesh,AABHAP,13009
1118,Uttar Pradesh,AACP,838
1119,Uttar Pradesh,AAPP,3763
1120,Uttar Pradesh,ABGP,1831
1121,Uttar Pradesh,ABHP,1976
1122,Uttar Pradesh,ABJS,2104
1123,Uttar Pradesh,ABLP,503
1124,Uttar Pradesh,ABNNP,2759
1125,Uttar Pradesh,ADAL,1039478
1126,Uttar Pradesh,ADRSP,3423
1127,Uttar Pradesh,ADUP,8541
1128,Uttar Pradesh,AIFB,12070
1129,Uttar Pradesh,AIMF,1128
1130,Uttar Pradesh,AIPF,11032
1131,Uttar Pradesh,AIRCP,1282
1132,Uttar Pradesh,AJPI,16749
1133,Uttar Pradesh,AKSP,7569
1134,Uttar Pradesh,ALHP,1764
1135,Uttar Pradesh,ANIJP,2017
1136,Uttar Pradesh,ANNADATA,5147
1137,Uttar Pradesh,ARK,1057
1138,Uttar Pradesh,ASGP,4283
1139,Uttar Pradesh,ASP,12457
1140,Uttar Pradesh,ASaP,5504
1141,Uttar Pradesh,ATBP,4096
1142,Uttar Pradesh,AYP,921
1143,Uttar Pradesh,BAEP,8164
1144,Uttar Pradesh,BAHUMP,882
1145,Uttar Pradesh,BALP,1262
1146,Uttar Pradesh,BARP,2363
1147,Uttar Pradesh,BAWPA,14060
1148,Uttar Pradesh,BBPP,1268
1149,Uttar Pradesh,BDPty,472
1150,Uttar Pradesh,BHABHAPA,1995
1151,Uttar Pradesh,BHAPRAP,40624
1152,Uttar Pradesh,BHHF,6508
1153,Uttar Pradesh,BJKD,907
1154,Uttar Pradesh,BJNP,6735
1155,Uttar Pradesh,BJP,42858171
1156,Uttar Pradesh,BKNP,3906
1157,Uttar Pradesh,BKPP,9503
1158,Uttar Pradesh,BKrD,4696
1159,Uttar Pradesh,BLRP,18338
1160,Uttar Pradesh,BLSD,1261
1161,Uttar Pradesh,BLokSP,2422
1162,Uttar Pradesh,BMJP,822
1163,Uttar Pradesh,BMUP,35361
1164,Uttar Pradesh,BMVSP,2597
1165,Uttar Pradesh,BND,1047
1166,Uttar Pradesh,BNDl,681
1167,Uttar Pradesh,BNIP,932
1168,Uttar Pradesh,BNavP,619
1169,Uttar Pradesh,BRM,316
1170,Uttar Pradesh,BRPI,14142
1171,Uttar Pradesh,BRSP,1695
1172,Uttar Pradesh,BSCP,20203
1173,Uttar Pradesh,BSKP,829
1174,Uttar Pradesh,BSKRP,1948
1175,Uttar Pradesh,BSP,16659754
1176,Uttar Pradesh,BSPM,501
1177,Uttar Pradesh,BSSPA,3755
1178,Uttar Pradesh,BSUSP,1786
1179,Uttar Pradesh,BUNKD,1849
1180,Uttar Pradesh,BaHaP,1886
1181,Uttar Pradesh,BaJD,489
1182,Uttar Pradesh,BaVaP,984
1183,Uttar Pradesh,BhBSP,2210
1184,Uttar Pradesh,CPI,119223
1185,Uttar Pradesh,CPI(ML)(L),22291
1186,Uttar Pradesh,CPIM,2394
1187,Uttar Pradesh,FJP,564
1188,Uttar Pradesh,GGP,4002
1189,Uttar Pradesh,HND,27747
1190,Uttar Pradesh,HuSP,1432
1191,Uttar Pradesh,INC,5457352
1192,Uttar Pradesh,IND,854421
1193,Uttar Pradesh,INL,3644
1194,Uttar Pradesh,IVD,718
1195,Uttar Pradesh,JAAP,1812
1196,Uttar Pradesh,JAC,1566
1197,Uttar Pradesh,JANADIP,35039
1198,Uttar Pradesh,JANKRPR,4873
1199,Uttar Pradesh,JD,1572
1200,Uttar Pradesh,JD(U),9335
1201,Uttar Pradesh,JDL,203369
1202,Uttar Pradesh,JHBHP,7192
1203,Uttar Pradesh,JKiP,24638
1204,Uttar Pradesh,JNSMP,840
1205,Uttar Pradesh,JPS,847
1206,Uttar Pradesh,JRPa,2308
1207,Uttar Pradesh,JSEP,1557
1208,Uttar Pradesh,JSP,2484
1209,Uttar Pradesh,JaSD,5758
1210,Uttar Pradesh,JaSSP,3731
1211,Uttar Pradesh,KARASP,512
1212,Uttar Pradesh,KBD,6886
1213,Uttar Pradesh,KHSNP,687
1214,Uttar Pradesh,KMBS,1574
1215,Uttar Pradesh,KMSP,6120
1216,Uttar Pradesh,KSRSP,3303
1217,Uttar Pradesh,LD,18218
1218,Uttar Pradesh,LJSPty,968
1219,Uttar Pradesh,LOGAP,18049
1220,Uttar Pradesh,LOKJANP,2725
1221,Uttar Pradesh,MADP,44703
1222,Uttar Pradesh,MARD,973
1223,Uttar Pradesh,MDKMGPH,1669
1224,Uttar Pradesh,MHD,2477
1225,Uttar Pradesh,MKUP,687
1226,Uttar Pradesh,MNDP,1070
1227,Uttar Pradesh,MNVP,3962
1228,Uttar Pradesh,MSJP,2427
1229,Uttar Pradesh,ManKP,1344
1230,Uttar Pradesh,MwSP,4498
1231,Uttar Pradesh,NABMUP,1453
1232,Uttar Pradesh,NAP,5640
1233,Uttar Pradesh,NCP,4570
1234,Uttar Pradesh,NEP,18037
1235,Uttar Pradesh,NFFF,1308
1236,Uttar Pradesh,NJANP,4847
1237,Uttar Pradesh,NOTA,725097
1238,Uttar Pradesh,NSCBRAP,2342
1239,Uttar Pradesh,NaLP,1628
1240,Uttar Pradesh,PECP,27286
1241,Uttar Pradesh,PGSP,11752
1242,Uttar Pradesh,PHSP,4073
1243,Uttar Pradesh,PMPT,2369
1244,Uttar Pradesh,PMSP,8210
1245,Uttar Pradesh,PPID,13767
1246,Uttar Pradesh,PRJP,5451
1247,Uttar Pradesh,PSJP,3368
1248,Uttar Pradesh,PSPL,265580
1249,Uttar Pradesh,RAJUP,776
1250,Uttar Pradesh,RAPI,4016
1251,Uttar Pradesh,RASHLSP,3944
1252,Uttar Pradesh,RASJGP,5768
1253,Uttar Pradesh,RBJJP,2291
1254,Uttar Pradesh,RBP,584
1255,Uttar Pradesh,RGD,975
1256,Uttar Pradesh,RJAPU,7561
1257,Uttar Pradesh,RJBP,3540
1258,Uttar Pradesh,RJBVP,1600
1259,Uttar Pradesh,RKSP,3535
1260,Uttar Pradesh,RLD,1447363
1261,Uttar Pradesh,RMEP,2557
1262,Uttar Pradesh,RMMP,1771
1263,Uttar Pradesh,RND,1630
1264,Uttar Pradesh,RPB,1225
1265,Uttar Pradesh,RPI,1999
1266,Uttar Pradesh,RPI(A),1150
1267,Uttar Pradesh,RSDal,1548
1268,Uttar Pradesh,RSMD,6918
1269,Uttar Pradesh,RSOSP,23622
1270,Uttar Pradesh,RSPS,18123
1271,Uttar Pradesh,RTJPS,1060
1272,Uttar Pradesh,RTKP,5105
1273,Uttar Pradesh,RTORP,709
1274,Uttar Pradesh,RUC,20348
1275,Uttar Pradesh,RVLP,3845
1276,Uttar Pradesh,RVyP,1326
1277,Uttar Pradesh,RaAD,1258
1278,Uttar Pradesh,RaIP,3265
1279,Uttar Pradesh,RsAD,1144
1280,Uttar Pradesh,RtrJP,1264
1281,Uttar Pradesh,SABHP,7106
1282,Uttar Pradesh,SABJANP,2751
1283,Uttar Pradesh,SACP,1360
1284,Uttar Pradesh,SAKSP,2214
1285,Uttar Pradesh,SANVP,2250
1286,Uttar Pradesh,SATKP,2857
1287,Uttar Pradesh,SBSP,277308
1288,Uttar Pradesh,SBSPSP,3919
1289,Uttar Pradesh,SDSP,3139
1290,Uttar Pradesh,SDU,6283
1291,Uttar Pradesh,SFP,882
1292,Uttar Pradesh,SGUP,2744
1293,Uttar Pradesh,SHF,1306
1294,Uttar Pradesh,SHS,29136
1295,Uttar Pradesh,SJSMP,2041
1296,Uttar Pradesh,SP,15533620
1297,Uttar Pradesh,SP(I),1982
1298,Uttar Pradesh,SUCI(C),6121
1299,Uttar Pradesh,SWAJANPA,24526
1300,Uttar Pradesh,SaDa,2901
1301,Uttar Pradesh,SaSaP,2417
1302,Uttar Pradesh,SatBP,9206
1303,Uttar Pradesh,UDFS,451
1304,Uttar Pradesh,VIP,3756
1305,Uttar Pradesh,VIPty,3694
1306,Uttar Pradesh,VMSKP,1529
1307,Uttar Pradesh,VPI,7285
1308,Uttar Pradesh,YVP,2858
1309,Uttar Pradesh,bmd,1549
1310,Uttar Pradesh,igp,504
1311,Uttar Pradesh,jhspt,1431
1312,Uttar Pradesh,kajp,1336
1313,Uttar Pradesh,rajpt,2058
1314,Uttar Pradesh,ssrd,2278
1315,Uttar Pradesh,svjn,2554
1316,Uttarakhand,BJP,2954833
1317,Uttarakhand,BMUP,2856
1318,Uttarakhand,BSP,216755
1319,Uttarakhand,BaSaPa,937
1320,Uttarakhand,CPI(ML)(L),5488
1321,Uttarakhand,CPIM,6626
1322,Uttarakhand,HND,897
1323,Uttarakhand,INC,1520767
1324,Uttarakhand,IND,48003
1325,Uttarakhand,NOTA,50946
1326,Uttarakhand,PLM,3339
1327,Uttarakhand,PPID,738
1328,Uttarakhand,PSPL,707
1329,Uttarakhand,SAVIPA,688
1330,Uttarakhand,SUCI(C),1437
1331,Uttarakhand,UKDD,12629
1332,Uttarakhand,UKKD,8830
1333,Uttarakhand,UPP,5351
1334,Uttarakhand,UtPP,1098
1335,West Bengal,AHNP,6110
1336,West Bengal,AIFB,239312
1337,West Bengal,AIJAP,6495
1338,West Bengal,AITC,24757345
1339,West Bengal,AKBJHP,8484
1340,West Bengal,ALINLBP,2707
1341,West Bengal,AMB,18562
1342,West Bengal,APoI,3269
1343,West Bengal,BHAPRAP,1759
1344,West Bengal,BHMP,6511
1345,West Bengal,BJP,23028517
1346,West Bengal,BMUP,36620
1347,West Bengal,BNARP,31308
1348,West Bengal,BNJD,9400
1349,West Bengal,BSP,221654
1350,West Bengal,CPI,227695
1351,West Bengal,CPI(ML)(L),15597
1352,West Bengal,CPIM,3610645
1353,West Bengal,IDRP,1678
1354,West Bengal,INC,3210491
1355,West Bengal,IND,541801
1356,West Bengal,IUC,4003
1357,West Bengal,JASP,712
1358,West Bengal,JHAP,4164
1359,West Bengal,JKP(N),11204
1360,West Bengal,JKPP,2220
1361,West Bengal,JMM,12936
1362,West Bengal,JSVP,1301
1363,West Bengal,JeSM,5885
1364,West Bengal,KPPU,12666
1365,West Bengal,MPOI,4057
1366,West Bengal,NDPOI,7081
1367,West Bengal,NOTA,546788
1368,West Bengal,PDS,12087
1369,West Bengal,PPOI,965
1370,West Bengal,PUJP,5917
1371,West Bengal,RAHM,440
1372,West Bengal,RAJADP,1226
1373,West Bengal,RJNP,8609
1374,West Bengal,RPI(A),1803
1375,West Bengal,RSP,208275
1376,West Bengal,RVNP,32184
1377,West Bengal,RaJSP,23580
1378,West Bengal,SDPI,11696
1379,West Bengal,SHS,52850
1380,West Bengal,STPI,730
1381,West Bengal,SUCI(C),217376
1382,West Bengal,SWJP,1899
1383,West Bengal,UTSAP,2375
1384,West Bengal,WPOI,23035
1385,West Bengal,grac,2952
